Name,Email,Address,ContactNumber
John Smith , john.smith@example.com , 123 Elm St Springfield ,5551234567
Emily Johnson , emily.johnson@example.com , 456 Oak Ave Rivertown ,5552345678
Michael Brown , michael.brown@example.com , 789 Pine Rd Lakeview ,5553456789
Sarah Davis , sarah.davis@example.com , 101 Maple St Hilltop ,5554567890
Jessica Wilson,jessica.wilson@example.com,"202 Birch Blvd, Meadowbrook",5555678901
David Lee , david.lee@example.com , 303 Cedar Ln Greenfield ,5556789012
Laura White , laura.white@example.com ," 404 Walnut Dr, Crestview ",5557890123
James Harris,james.harris@example.com,505 Chestnut Ct Sunnyvale,5558901234
Sophia Clark , sophia.clark@example.com , 606 Spruce St Woodland ,5559012345
William Lewis , william.lewis@example.com , 707 Fir Pl Brookside ,5550123456
